[
  {
    "country": "Brazil",
    "ageGroup": "18-24",
    "emotions": {
      "hope": 0.8,
      "fear": 0.2,
      "curiosity": 0.7,
      "anxiety": 0.4,
      "empowerment": 0.6
    }
  },
  {
    "country": "Canada",
    "ageGroup": "25-34",
    "emotions": {
      "hope": 0.6,
      "fear": 0.3,
      "curiosity": 0.5,
      "anxiety": 0.2,
      "empowerment": 0.7
    }
  },
  {
    "country": "India",
    "ageGroup": "35-44",
    "emotions": {
      "hope": 0.9,
      "fear": 0.4,
      "curiosity": 0.6,
      "anxiety": 0.3,
      "empowerment": 0.8
    }
  },
  {
    "country": "Germany",
    "ageGroup": "45-54",
    "emotions": {
      "hope": 0.4,
      "fear": 0.5,
      "curiosity": 0.3,
      "anxiety": 0.6,
      "empowerment": 0.4
    }
  },
  {
    "country": "South Korea",
    "ageGroup": "55+",
    "emotions": {
      "hope": 0.5,
      "fear": 0.6,
      "curiosity": 0.4,
      "anxiety": 0.7,
      "empowerment": 0.3
    }
  }
]